,relative_importance
R_age,100.0
B_avg_SIG_STR_att,78.67338096963165
B_age,67.66021031877453
B_avg_TD_att,46.812583457035394
R_losses,45.37343280616109
R_avg_opp_SIG_STR_pct,42.63521172092817
R_avg_opp_BODY_landed,36.83988725351925
R_avg_opp_HEAD_landed,31.803520459501478
B_avg_opp_GROUND_att,29.92155877566892
R_avg_opp_BODY_att,28.56503333336239
B_avg_opp_KD,28.302342480491678
B_avg_opp_TD_pct,27.78010181246516
R_avg_GROUND_att,25.751018503431183
B_avg_HEAD_landed,25.671301611738752
R_avg_TD_pct,23.834466551382018
B_avg_opp_TOTAL_STR_landed,23.399046567097507
B_avg_SIG_STR_landed,22.66728636050099
R_avg_BODY_att,22.54884028169995
B_avg_DISTANCE_landed,22.327466904420152
R_avg_opp_DISTANCE_landed,19.556049558088755
R_win_by_Decision_Split,19.03982660052647
R_avg_CTRL_time(seconds),18.643857952635834
B_avg_BODY_att,17.421319560835133
B_avg_TD_landed,17.39384631426804
B_longest_win_streak,16.67242792326637
R_avg_opp_CTRL_time(seconds),15.915119505126214
R_total_time_fought(seconds),15.624244624267025
B_avg_LEG_att,15.20625869260889
B_total_title_bouts,14.633752355063145
R_total_title_bouts,13.519694689618294
R_avg_opp_SUB_ATT,13.157211679516829
R_longest_win_streak,13.084364343090968
B_wins,12.524084750805779
B_avg_opp_CLINCH_att,11.811666251363397
B_avg_opp_TD_landed,11.48831762801084
R_avg_GROUND_landed,11.046310482968781
B_Reach_cms,10.713331794375408
B_avg_HEAD_att,10.659419721996002
B_Height_cms,10.468128067449719
R_avg_DISTANCE_landed,10.284822309690286
B_avg_opp_LEG_att,9.978021671564091
B_avg_opp_CTRL_time(seconds),9.170266269701575
R_avg_opp_LEG_att,8.971979367834889
R_avg_opp_GROUND_att,8.71856470351658
B_avg_opp_TD_att,8.353099368405058
R_avg_SIG_STR_pct,8.313376173113529
R_avg_opp_CLINCH_landed,8.274474684687231
B_Weight_lbs,7.914124442425746
B_losses,7.442190557241428
B_avg_TOTAL_STR_landed,7.41011948781249
B_avg_DISTANCE_att,7.182037015276474
B_avg_LEG_landed,7.065528428779522
B_avg_SUB_ATT,6.748027292351934
B_avg_opp_LEG_landed,6.723901283385529
B_avg_opp_GROUND_landed,6.710279972840993
R_avg_SIG_STR_landed,6.0461929784618205
B_avg_opp_TOTAL_STR_att,5.997704873473752
B_total_time_fought(seconds),5.751954367992479
B_avg_opp_SIG_STR_landed,5.726812355952863
R_avg_opp_TD_pct,5.546723976773833
B_avg_TD_pct,5.533246354077677
B_avg_BODY_landed,5.180376510144101
B_total_rounds_fought,5.113008797424913
R_avg_opp_SIG_STR_landed,5.0731001319439475
R_avg_TOTAL_STR_att,5.028668919223785
R_current_win_streak,4.948198618255251
B_avg_opp_HEAD_landed,4.741455245936903
R_avg_SUB_ATT,4.7224542234053954
R_avg_SIG_STR_att,4.444215669869635
B_win_by_KO/TKO,4.438079522866134
R_avg_KD,4.420899109993786
B_win_by_Decision_Unanimous,4.401122845333272
R_avg_LEG_landed,4.325812422161424
R_total_rounds_fought,4.295894824053633
R_avg_opp_SIG_STR_att,4.201598802568952
R_win_by_KO/TKO,3.9119566564578663
B_avg_opp_CLINCH_landed,3.8993397798941967
R_avg_LEG_att,3.8503275399089607
R_avg_BODY_landed,3.5987435927157403
R_avg_TD_landed,3.5328427209402276
R_avg_opp_TOTAL_STR_landed,3.32315185767666
R_avg_opp_CLINCH_att,2.9951367740784796
R_avg_opp_TD_att,2.91565463666721
B_avg_CTRL_time(seconds),2.900078698447435
R_avg_opp_KD,2.7397631429224587
B_avg_opp_BODY_att,2.7309534069326253
B_avg_GROUND_landed,2.707243781500028
B_win_by_Submission,2.523553227735478
R_win_by_Submission,2.151895031173707
R_avg_TOTAL_STR_landed,1.965954962020266
B_avg_opp_SUB_ATT,1.9057673937771886
R_avg_opp_LEG_landed,1.7918713212588009
R_win_by_TKO_Doctor_Stoppage,1.6716160313690325
R_avg_CLINCH_landed,1.636902505502547
B_avg_TOTAL_STR_att,1.4885240299626348
R_avg_TD_att,1.4323679919972185
R_avg_CLINCH_att,1.4199352328492179
R_avg_HEAD_att,1.413577352388828
B_avg_opp_DISTANCE_landed,1.412662364708487
R_Height_cms,1.3827848616470266
B_avg_opp_SIG_STR_pct,1.3333340147562815
R_Weight_lbs,1.2935022315804594
R_avg_opp_DISTANCE_att,1.2832408144053054
R_avg_opp_HEAD_att,1.193224104839704
B_avg_opp_SIG_STR_att,1.165609736844122
B_avg_CLINCH_landed,1.1292120047272869
B_avg_KD,1.1041356297042355
R_avg_opp_GROUND_landed,1.0732771087953674
B_avg_opp_DISTANCE_att,1.0242765549619874
B_Stance_Orthodox,0.9535103014045688
B_avg_REV,0.9167612284418835
R_avg_HEAD_landed,0.9098823423210344
R_avg_DISTANCE_att,0.7499583012600639
R_Reach_cms,0.744142368023015
R_current_lose_streak,0.7170918404855955
B_avg_CLINCH_att,0.6991124546770324
R_avg_REV,0.6492061789029222
B_avg_opp_HEAD_att,0.6355466043246643
B_avg_SIG_STR_pct,0.6174326125449406
R_avg_opp_TOTAL_STR_att,0.5140784237074191
R_avg_opp_REV,0.44586013453203466
B_avg_opp_BODY_landed,0.38272000178939847
R_avg_opp_TD_landed,0.30802031552799763
R_wins,0.29247802220214236
B_avg_opp_REV,0.18318577315452905
R_win_by_Decision_Unanimous,0.016483815524548383
B_current_win_streak,0.0005368710734340221
B_draw,0.0
B_win_by_TKO_Doctor_Stoppage,0.0
B_win_by_Decision_Split,0.0
B_current_lose_streak,0.0
B_avg_GROUND_att,0.0
B_win_by_Decision_Majority,0.0
R_win_by_Decision_Majority,0.0
R_draw,0.0
B_Stance_Open Stance,0.0
B_Stance_Southpaw,0.0
B_Stance_Switch,0.0
R_Stance_Open Stance,0.0
R_Stance_Orthodox,0.0
R_Stance_Southpaw,0.0
R_Stance_Switch,0.0
