fold,model,n_train,n_test,train_acc,test_acc,test_f1_macro,test_mse,baseline_red
1,SGD (perceptron),194,186,1.0,0.9946236559139785,0.49865229110512127,0.005376344086021506,0.9946236559139785
1,MLP (L-BFGS),194,186,1.0,0.9838709677419355,0.4959349593495935,0.016129032258064516,0.9946236559139785
1,Decision Tree (ccp=.003),194,186,1.0,0.9838709677419355,0.4959349593495935,0.016129032258064516,0.9946236559139785
1,Gradient Boosting,194,186,1.0,0.9838709677419355,0.4959349593495935,0.016129032258064516,0.9946236559139785
2,SGD (perceptron),380,186,1.0,0.8064516129032258,0.2976190476190476,0.1935483870967742,0.8064516129032258
2,MLP (L-BFGS),380,186,1.0,0.8064516129032258,0.2994011976047904,0.1935483870967742,0.8064516129032258
2,Decision Tree (ccp=.003),380,186,0.9921052631578947,0.8064516129032258,0.2976190476190476,0.1935483870967742,0.8064516129032258
2,Gradient Boosting,380,186,1.0,0.8064516129032258,0.2976190476190476,0.1935483870967742,0.8064516129032258
3,SGD (perceptron),566,186,0.9611307420494699,0.5268817204301075,0.32589493258949326,0.4731182795698925,0.5483870967741935
3,MLP (L-BFGS),566,186,0.991166077738516,0.5591397849462365,0.37304539649367235,0.44086021505376344,0.5483870967741935
3,Decision Tree (ccp=.003),566,186,0.9787985865724381,0.553763440860215,0.2945987654320988,0.44623655913978494,0.5483870967741935
3,Gradient Boosting,566,186,0.9717314487632509,0.5483870967741935,0.2575719649561952,0.45161290322580644,0.5483870967741935
4,SGD (perceptron),752,186,0.8670212765957447,0.5268817204301075,0.28471553151016576,0.4731182795698925,0.5752688172043011
4,MLP (L-BFGS),752,186,0.9601063829787234,0.5698924731182796,0.33955804544039836,0.43010752688172044,0.5752688172043011
4,Decision Tree (ccp=.003),752,186,0.949468085106383,0.5860215053763441,0.3583523035230352,0.41397849462365593,0.5752688172043011
4,Gradient Boosting,752,186,0.9082446808510638,0.5645161290322581,0.24054982817869416,0.43548387096774194,0.5752688172043011
5,SGD (perceptron),938,186,0.7878464818763327,0.5376344086021505,0.3221628732464646,0.46236559139784944,0.5967741935483871
5,MLP (L-BFGS),938,186,0.9690831556503199,0.543010752688172,0.33328890073758105,0.45698924731182794,0.5967741935483871
5,Decision Tree (ccp=.003),938,186,0.929637526652452,0.553763440860215,0.3301308827624617,0.44623655913978494,0.5967741935483871
5,Gradient Boosting,938,186,0.8486140724946695,0.5967741935483871,0.2956140350877193,0.4032258064516129,0.5967741935483871
6,SGD (perceptron),1124,186,0.7393238434163701,0.43548387096774194,0.29667040778151893,0.5645161290322581,0.5806451612903226
6,MLP (L-BFGS),1124,186,0.9670818505338078,0.45698924731182794,0.2944307944307944,0.543010752688172,0.5806451612903226
6,Decision Tree (ccp=.003),1124,186,0.8763345195729537,0.510752688172043,0.3041902276352037,0.489247311827957,0.5806451612903226
6,Gradient Boosting,1124,186,0.8380782918149466,0.5806451612903226,0.26805555555555555,0.41935483870967744,0.5806451612903226
7,SGD (perceptron),1310,186,0.7297709923664122,0.543010752688172,0.35369408464286495,0.45698924731182794,0.6129032258064516
7,MLP (L-BFGS),1310,186,0.9496183206106871,0.5483870967741935,0.34579530958689036,0.45161290322580644,0.6129032258064516
7,Decision Tree (ccp=.003),1310,186,0.8465648854961833,0.5913978494623656,0.35812691263929786,0.40860215053763443,0.6129032258064516
7,Gradient Boosting,1310,186,0.8053435114503816,0.6021505376344086,0.27588547451561146,0.3978494623655914,0.6129032258064516
8,SGD (perceptron),1496,186,0.6978609625668449,0.553763440860215,0.373968253968254,0.44623655913978494,0.5752688172043011
8,MLP (L-BFGS),1496,186,0.9338235294117647,0.6021505376344086,0.3869231176813437,0.3978494623655914,0.5752688172043011
8,Decision Tree (ccp=.003),1496,186,0.8362299465240641,0.5913978494623656,0.356402818068794,0.40860215053763443,0.5752688172043011
8,Gradient Boosting,1496,186,0.7814171122994652,0.5806451612903226,0.28146657724122515,0.41935483870967744,0.5752688172043011
9,SGD (perceptron),1682,186,0.6718192627824019,0.5268817204301075,0.34817963810769564,0.4731182795698925,0.5483870967741935
9,MLP (L-BFGS),1682,186,0.929845422116528,0.5268817204301075,0.318978646187745,0.4731182795698925,0.5483870967741935
9,Decision Tree (ccp=.003),1682,186,0.7728894173602854,0.5645161290322581,0.33780843014496637,0.43548387096774194,0.5483870967741935
9,Gradient Boosting,1682,186,0.7717003567181926,0.5698924731182796,0.3033213285314126,0.43010752688172044,0.5483870967741935
10,SGD (perceptron),1868,186,0.6536402569593148,0.5,0.33789675263822677,0.5,0.5268817204301075
10,MLP (L-BFGS),1868,186,0.9261241970021413,0.5,0.3307875750898059,0.5,0.5268817204301075
10,Decision Tree (ccp=.003),1868,186,0.7446466809421841,0.543010752688172,0.2976125053428589,0.45698924731182794,0.5268817204301075
10,Gradient Boosting,1868,186,0.7698072805139187,0.5161290322580645,0.2634593356242841,0.4838709677419355,0.5268817204301075
11,SGD (perceptron),2054,186,0.6562804284323271,0.5053763440860215,0.309774793768177,0.4946236559139785,0.5913978494623656
11,MLP (L-BFGS),2054,186,0.9250243427458618,0.521505376344086,0.3243277685739773,0.478494623655914,0.5913978494623656
11,Decision Tree (ccp=.003),2054,186,0.7074001947419669,0.5967741935483871,0.2992576766099652,0.4032258064516129,0.5913978494623656
11,Gradient Boosting,2054,186,0.740506329113924,0.6021505376344086,0.29557226399331665,0.3978494623655914,0.5913978494623656
12,SGD (perceptron),2240,186,0.6669642857142857,0.5161290322580645,0.35166479610924056,0.4838709677419355,0.5483870967741935
12,MLP (L-BFGS),2240,186,0.8758928571428571,0.5053763440860215,0.3244466800804829,0.4946236559139785,0.5483870967741935
12,Decision Tree (ccp=.003),2240,186,0.6915178571428572,0.5161290322580645,0.2585002085940759,0.4838709677419355,0.5483870967741935
12,Gradient Boosting,2240,186,0.7330357142857142,0.5752688172043011,0.3231310599731652,0.42473118279569894,0.5483870967741935
13,SGD (perceptron),2426,186,0.6624072547403133,0.45698924731182794,0.29526101443909664,0.543010752688172,0.5645161290322581
13,MLP (L-BFGS),2426,186,0.8722176422093982,0.532258064516129,0.3438438438438438,0.46774193548387094,0.5645161290322581
13,Decision Tree (ccp=.003),2426,186,0.6797197032151691,0.5645161290322581,0.30123456790123454,0.43548387096774194,0.5645161290322581
13,Gradient Boosting,2426,186,0.7324814509480626,0.5913978494623656,0.33121639049079005,0.40860215053763443,0.5645161290322581
14,SGD (perceptron),2612,186,0.6026033690658499,0.46774193548387094,0.30085415332052107,0.532258064516129,0.5698924731182796
14,MLP (L-BFGS),2612,186,0.8686830015313936,0.510752688172043,0.3187084520417854,0.489247311827957,0.5698924731182796
14,Decision Tree (ccp=.003),2612,186,0.6546707503828484,0.5752688172043011,0.2790423754348481,0.42473118279569894,0.5698924731182796
14,Gradient Boosting,2612,186,0.7304747320061256,0.5752688172043011,0.32370585389453316,0.42473118279569894,0.5698924731182796
15,SGD (perceptron),2798,186,0.6075768406004288,0.5591397849462365,0.37301917027716786,0.44086021505376344,0.543010752688172
15,MLP (L-BFGS),2798,186,0.8566833452466047,0.510752688172043,0.5055936906674456,0.489247311827957,0.543010752688172
15,Decision Tree (ccp=.003),2798,186,0.6429592566118656,0.543010752688172,0.3519163763066202,0.45698924731182794,0.543010752688172
15,Gradient Boosting,2798,186,0.7280200142959257,0.5860215053763441,0.3532979194333776,0.41397849462365593,0.543010752688172
16,SGD (perceptron),2984,186,0.6229892761394102,0.4838709677419355,0.33185442586329933,0.5161290322580645,0.489247311827957
16,MLP (L-BFGS),2984,186,0.8002680965147453,0.543010752688172,0.3583068342793743,0.45698924731182794,0.489247311827957
16,Decision Tree (ccp=.003),2984,186,0.6447721179624665,0.521505376344086,0.33480104370515323,0.478494623655914,0.489247311827957
16,Gradient Boosting,2984,186,0.7128016085790885,0.5053763440860215,0.28751280925193967,0.4946236559139785,0.489247311827957
17,SGD (perceptron),3170,186,0.583596214511041,0.5698924731182796,0.37980392156862747,0.43010752688172044,0.5483870967741935
17,MLP (L-BFGS),3170,186,0.7965299684542587,0.521505376344086,0.3382199791716734,0.478494623655914,0.5483870967741935
17,Decision Tree (ccp=.003),3170,186,0.6599369085173502,0.5967741935483871,0.37093984239861616,0.4032258064516129,0.5483870967741935
17,Gradient Boosting,3170,186,0.716403785488959,0.5860215053763441,0.36527532823829123,0.41397849462365593,0.5483870967741935
18,SGD (perceptron),3356,186,0.6266388557806913,0.5483870967741935,0.34978354978354975,0.45161290322580644,0.5967741935483871
18,MLP (L-BFGS),3356,186,0.8206197854588796,0.5483870967741935,0.3557756186679953,0.45161290322580644,0.5967741935483871
18,Decision Tree (ccp=.003),3356,186,0.6355780691299165,0.5752688172043011,0.374188836724048,0.42473118279569894,0.5967741935483871
18,Gradient Boosting,3356,186,0.7133492252681763,0.5967741935483871,0.3471222585726403,0.4032258064516129,0.5967741935483871
19,SGD (perceptron),3542,186,0.6123658949745906,0.5053763440860215,0.34779922779922784,0.4946236559139785,0.5698924731182796
19,MLP (L-BFGS),3542,186,0.8003952569169961,0.5591397849462365,0.36722043144061495,0.44086021505376344,0.5698924731182796
19,Decision Tree (ccp=.003),3542,186,0.6324110671936759,0.5698924731182796,0.3671497584541063,0.43010752688172044,0.5698924731182796
19,Gradient Boosting,3542,186,0.7086391869000565,0.6021505376344086,0.366750208855472,0.3978494623655914,0.5698924731182796
20,SGD (perceptron),3728,186,0.5861051502145923,0.543010752688172,0.3762187003393033,0.45698924731182794,0.543010752688172
20,MLP (L-BFGS),3728,186,0.7762875536480687,0.5967741935483871,0.39992763673641685,0.4032258064516129,0.543010752688172
20,Decision Tree (ccp=.003),3728,186,0.6464592274678111,0.5860215053763441,0.3834082584082584,0.41397849462365593,0.543010752688172
20,Gradient Boosting,3728,186,0.6995708154506438,0.5376344086021505,0.3181274442144007,0.46236559139784944,0.543010752688172
